transaction_id,user_id,product_id,quantity,unit_price,total_amount,discount_applied,final_amount,payment_method,transaction_date,delivery_address,order_status,shipping_cost,delivery_date
txn_8dc9b0cf,user_00199,prod_00176,2,778.57,1557.14,110.64,1446.5,e_wallet,2026-03-29 09:26:45,"Bandung, Indonesia",completed,23.26,2026-04-05
txn_1029413c,user_00216,prod_00063,1,1436.92,1436.92,72.1,1364.82,e_wallet,2026-02-28 09:26:45,"Tangerang, Indonesia",completed,18.7,2026-03-04
txn_ccd0706a,user_00677,prod_00165,3,1400.99,4202.97,726.24,3476.73,debit_card,2026-03-29 09:26:45,"Medan, Indonesia",pending,16.01,2026-04-05
txn_c4a78254,user_00752,prod_00215,3,949.08,2847.24,285.74,2561.5,bank_transfer,2026-01-29 09:26:45,"Jakarta, Indonesia",processing,18.06,2026-02-05
txn_3677ba47,user_00761,prod_00052,1,225.82,225.82,39.12,186.7,bank_transfer,2026-03-09 09:26:45,"Palembang, Indonesia",completed,26.89,2026-03-14
txn_2b79999b,user_00298,prod_00138,2,1819.44,3638.88,446.04,3192.84,credit_card,2026-02-17 09:26:45,"Bandung, Indonesia",completed,18.31,2026-02-23
txn_22588512,user_00569,prod_00440,1,325.32,325.32,9.95,315.37,credit_card,2026-03-14 09:26:45,"Surabaya, Indonesia",pending,12.3,2026-03-18
txn_0c69f2dc,user_00432,prod_00219,2,1655.93,3311.86,596.39,2715.47,bank_transfer,2026-01-24 09:26:45,"Palembang, Indonesia",completed,12.3,2026-01-29
txn_f4c309dd,user_00861,prod_00383,1,940.0,940.0,69.08,870.92,debit_card,2026-01-09 09:26:45,"Depok, Indonesia",completed,16.02,2026-01-13
txn_03d428ad,user_00827,prod_00447,1,1445.69,1445.69,130.28,1315.41,e_wallet,2026-02-15 09:26:45,"Makassar, Indonesia",cancelled,20.56,2026-02-21
txn_a567db93,user_00995,prod_00043,3,1310.24,3930.72,76.6,3854.12,e_wallet,2026-01-19 09:26:45,"Palembang, Indonesia",completed,22.45,2026-01-25
txn_76f18b17,user_00665,prod_00476,2,297.28,594.56,58.4,536.16,e_wallet,2026-02-07 09:26:45,"Surabaya, Indonesia",completed,27.25,2026-02-10
txn_d51c2b5f,user_00786,prod_00499,2,1014.01,2028.02,376.3,1651.72,credit_card,2026-03-29 09:26:45,"Jakarta, Indonesia",processing,24.87,2026-04-01
txn_2bd659c9,user_00353,prod_00454,1,679.89,679.89,15.52,664.37,credit_card,2026-03-13 09:26:45,"Surabaya, Indonesia",pending,29.79,2026-03-18
txn_5226de20,user_00158,prod_00293,3,167.94,503.82,21.51,482.31,bank_transfer,2026-03-29 09:26:45,"Surabaya, Indonesia",completed,10.22,2026-04-02
txn_712c5902,user_00378,prod_00073,2,1074.37,2148.74,80.2,2068.54,debit_card,2026-02-03 09:26:45,"Surabaya, Indonesia",pending,14.89,2026-02-09
txn_65a44b2f,user_00555,prod_00327,1,751.17,751.17,113.96,637.21,debit_card,2026-02-21 09:26:45,"Surabaya, Indonesia",completed,15.28,2026-02-23
txn_02c06c55,user_00771,prod_00222,2,1290.33,2580.66,303.64,2277.02,e_wallet,2026-01-04 09:26:45,"Makassar, Indonesia",pending,20.22,2026-01-07
txn_05eeb97c,user_00186,prod_00063,1,1436.92,1436.92,252.14,1184.78,credit_card,2026-03-22 09:26:45,"Bandung, Indonesia",cancelled,18.62,2026-03-28
txn_cab044ad,user_00334,prod_00438,1,636.85,636.85,31.04,605.81,e_wallet,2026-01-25 09:26:45,"Semarang, Indonesia",completed,22.98,2026-01-31
txn_e0f3bf70,user_00639,prod_00247,1,78.49,78.49,10.27,68.22,debit_card,2026-02-07 09:26:45,"Palembang, Indonesia",pending,29.61,2026-02-10
txn_403cf018,user_00426,prod_00384,3,721.31,2163.93,84.45,2079.48,bank_transfer,2026-03-18 09:26:45,"Surabaya, Indonesia",completed,28.15,2026-03-22
txn_d95dc29a,user_00077,prod_00256,3,870.54,2611.62,247.19,2364.43,credit_card,2026-02-22 09:26:45,"Medan, Indonesia",processing,14.03,2026-02-24
txn_54c2b405,user_00375,prod_00159,2,67.42,134.84,22.59,112.25,bank_transfer,2026-03-25 09:26:45,"Depok, Indonesia",processing,27.24,2026-03-30
txn_f286098c,user_00642,prod_00280,3,506.77,1520.31,53.24,1467.07,debit_card,2026-01-06 09:26:45,"Jakarta, Indonesia",processing,17.18,2026-01-09
txn_e6d75891,user_00270,prod_00490,2,1256.1,2512.2,117.71,2394.49,credit_card,2026-02-17 09:26:45,"Jakarta, Indonesia",completed,24.15,2026-02-19
txn_cec4c8e7,user_00597,prod_00292,3,1212.5,3637.5,41.2,3596.3,credit_card,2026-02-25 09:26:45,"Bekasi, Indonesia",pending,20.47,2026-03-03
txn_92663466,user_00526,prod_00305,2,1185.07,2370.14,74.73,2295.41,debit_card,2026-02-02 09:26:45,"Medan, Indonesia",completed,24.64,2026-02-06
txn_e62d063d,user_00349,prod_00302,2,104.53,209.06,14.96,194.1,credit_card,2026-03-15 09:26:45,"Bandung, Indonesia",cancelled,22.44,2026-03-18
txn_d4a0463c,user_00554,prod_00480,1,408.33,408.33,15.3,393.03,credit_card,2026-01-09 09:26:45,"Semarang, Indonesia",completed,13.26,2026-01-16
txn_99f344e4,user_00403,prod_00228,1,80.59,80.59,9.81,70.78,credit_card,2026-01-03 09:26:45,"Bandung, Indonesia",completed,19.37,2026-01-10
txn_ed2e9567,user_00527,prod_00071,1,508.13,508.13,8.14,499.99,debit_card,2026-03-08 09:26:45,"Makassar, Indonesia",processing,19.26,2026-03-10
txn_1a1c8cfa,user_00378,prod_00045,2,399.8,799.6,94.47,705.13,bank_transfer,2026-01-03 09:26:45,"Surabaya, Indonesia",processing,20.38,2026-01-10
txn_c4867019,user_00285,prod_00291,3,251.8,755.4,66.12,689.28,bank_transfer,2026-01-11 09:26:45,"Makassar, Indonesia",processing,12.46,2026-01-13
txn_c74fd790,user_00760,prod_00355,3,414.91,1244.73,112.15,1132.58,e_wallet,2026-01-19 09:26:45,"Medan, Indonesia",completed,12.17,2026-01-24
txn_06ef155d,user_00871,prod_00078,2,733.29,1466.58,131.91,1334.67,debit_card,2026-02-21 09:26:45,"Bekasi, Indonesia",processing,27.85,2026-02-25
txn_df0c6883,user_00336,prod_00424,3,1294.43,3883.29,410.01,3473.28,e_wallet,2026-02-17 09:26:45,"Jakarta, Indonesia",completed,14.31,2026-02-23
txn_17f3f45d,user_00381,prod_00400,1,1885.04,1885.04,190.67,1694.37,credit_card,2026-01-28 09:26:45,"Makassar, Indonesia",completed,29.21,2026-02-03
txn_279ea637,user_00833,prod_00195,3,1099.98,3299.94,241.6,3058.34,e_wallet,2026-02-09 09:26:45,"Medan, Indonesia",completed,18.95,2026-02-12
txn_ea919224,user_00768,prod_00119,2,480.47,960.94,31.91,929.03,e_wallet,2026-01-17 09:26:45,"Jakarta, Indonesia",completed,26.05,2026-01-19
txn_e85eaf47,user_00976,prod_00229,3,1204.39,3613.17,520.16,3093.01,e_wallet,2026-03-19 09:26:45,"Bandung, Indonesia",completed,13.95,2026-03-21
txn_e0813c88,user_00992,prod_00001,2,1300.15,2600.3,224.34,2375.96,e_wallet,2026-02-14 09:26:45,"Surabaya, Indonesia",pending,19.97,2026-02-16
txn_0c6ca69a,user_00604,prod_00422,3,1516.54,4549.62,238.67,4310.95,bank_transfer,2026-03-17 09:26:45,"Tangerang, Indonesia",completed,15.6,2026-03-20
txn_950ccddb,user_00926,prod_00191,1,1212.45,1212.45,153.64,1058.81,credit_card,2026-02-25 09:26:45,"Bekasi, Indonesia",pending,20.56,2026-02-28
txn_43d17236,user_00346,prod_00146,2,429.23,858.46,54.79,803.67,debit_card,2026-02-07 09:26:45,"Makassar, Indonesia",cancelled,13.71,2026-02-13
txn_2a1cee69,user_00384,prod_00355,1,414.91,414.91,33.64,381.27,debit_card,2026-01-20 09:26:45,"Medan, Indonesia",pending,18.99,2026-01-27
txn_c1825420,user_00421,prod_00078,1,733.29,733.29,87.86,645.43,credit_card,2026-02-07 09:26:45,"Medan, Indonesia",completed,14.37,2026-02-14
txn_82dd866d,user_00426,prod_00444,3,1029.61,3088.83,533.85,2554.98,credit_card,2026-03-30 09:26:45,"Surabaya, Indonesia",pending,26.77,2026-04-02
txn_eb56f67b,user_00994,prod_00125,2,703.74,1407.48,202.63,1204.85,bank_transfer,2026-02-25 09:26:45,"Makassar, Indonesia",completed,17.02,2026-03-01
txn_2ee2477a,user_00696,prod_00249,1,271.93,271.93,18.88,253.05,credit_card,2026-01-13 09:26:45,"Makassar, Indonesia",completed,28.2,2026-01-19
txn_8b9a5acc,user_00408,prod_00367,2,544.16,1088.32,150.84,937.48,debit_card,2026-01-24 09:26:45,"Surabaya, Indonesia",pending,14.77,2026-01-30
txn_a58978ea,user_00063,prod_00089,2,52.99,105.98,10.75,95.23,credit_card,2026-01-11 09:26:45,"Surabaya, Indonesia",pending,13.43,2026-01-16
txn_1df5eeea,user_00663,prod_00405,2,634.23,1268.46,124.54,1143.92,debit_card,2026-03-13 09:26:45,"Medan, Indonesia",completed,22.46,2026-03-15
txn_cefadbda,user_00308,prod_00047,3,1087.83,3263.49,623.08,2640.41,credit_card,2026-02-14 09:26:45,"Surabaya, Indonesia",completed,16.17,2026-02-19
txn_1f5dd2d7,user_00385,prod_00436,1,1580.84,1580.84,201.87,1378.97,bank_transfer,2026-03-03 09:26:45,"Medan, Indonesia",completed,21.22,2026-03-06
txn_54ba9a38,user_00331,prod_00090,1,701.65,701.65,67.19,634.46,e_wallet,2026-01-08 09:26:45,"Bekasi, Indonesia",pending,21.85,2026-01-13
txn_6173ecb8,user_00169,prod_00143,2,821.93,1643.86,53.35,1590.51,e_wallet,2026-02-06 09:26:45,"Depok, Indonesia",processing,21.0,2026-02-08
txn_e51f9f5c,user_00745,prod_00002,3,713.89,2141.67,65.56,2076.11,credit_card,2026-01-22 09:26:45,"Makassar, Indonesia",processing,23.81,2026-01-29
txn_9061a22b,user_00867,prod_00437,2,1348.39,2696.78,370.1,2326.68,bank_transfer,2026-03-13 09:26:45,"Jakarta, Indonesia",pending,19.01,2026-03-20
txn_6e7e8093,user_00667,prod_00088,2,719.36,1438.72,46.25,1392.47,credit_card,2026-01-11 09:26:45,"Depok, Indonesia",completed,14.49,2026-01-13
txn_3b7fb490,user_00582,prod_00303,2,923.89,1847.78,44.9,1802.88,debit_card,2026-03-17 09:26:45,"Bekasi, Indonesia",completed,12.17,2026-03-19
txn_829976b7,user_00378,prod_00207,1,1863.64,1863.64,182.6,1681.04,e_wallet,2026-01-07 09:26:45,"Surabaya, Indonesia",completed,15.79,2026-01-12
txn_d8293f62,user_00098,prod_00105,3,600.47,1801.41,236.29,1565.12,bank_transfer,2026-01-03 09:26:45,"Bekasi, Indonesia",pending,19.52,2026-01-09
txn_bf21aa29,user_00979,prod_00106,1,1413.34,1413.34,105.61,1307.73,credit_card,2026-03-16 09:26:45,"Surabaya, Indonesia",processing,24.56,2026-03-19
txn_93846bc0,user_00823,prod_00257,1,453.73,453.73,45.33,408.4,debit_card,2026-02-13 09:26:45,"Bekasi, Indonesia",processing,25.36,2026-02-15
txn_e5fa0a69,user_00821,prod_00177,3,572.56,1717.68,27.44,1690.24,debit_card,2026-03-06 09:26:45,"Depok, Indonesia",completed,18.46,2026-03-12
txn_e82df3ca,user_00747,prod_00071,2,508.13,1016.26,104.56,911.7,credit_card,2026-03-08 09:26:45,"Depok, Indonesia",completed,26.61,2026-03-13
txn_e793a001,user_00233,prod_00361,2,595.47,1190.94,26.65,1164.29,bank_transfer,2026-02-24 09:26:45,"Tangerang, Indonesia",processing,18.69,2026-03-03
txn_4e82f17a,user_00988,prod_00481,2,129.08,258.16,3.42,254.74,bank_transfer,2026-03-03 09:26:45,"Jakarta, Indonesia",processing,29.82,2026-03-05
txn_16ffabb2,user_00985,prod_00026,2,1072.85,2145.7,114.36,2031.34,e_wallet,2026-03-22 09:26:45,"Bandung, Indonesia",completed,15.32,2026-03-25
txn_7b8ee946,user_00329,prod_00120,2,1080.39,2160.78,147.47,2013.31,e_wallet,2026-03-19 09:26:45,"Medan, Indonesia",processing,15.83,2026-03-23
txn_361e38f8,user_00013,prod_00246,1,784.98,784.98,78.82,706.16,e_wallet,2026-01-08 09:26:45,"Surabaya, Indonesia",completed,13.44,2026-01-12
txn_bdffe06e,user_00071,prod_00445,1,439.56,439.56,43.38,396.18,bank_transfer,2026-02-20 09:26:45,"Medan, Indonesia",processing,28.96,2026-02-25
txn_62e17e5c,user_00485,prod_00084,1,1584.23,1584.23,300.46,1283.77,e_wallet,2026-03-29 09:26:45,"Surabaya, Indonesia",completed,16.32,2026-04-02
txn_36d3b423,user_00905,prod_00232,1,925.91,925.91,128.74,797.17,debit_card,2026-01-11 09:26:45,"Bekasi, Indonesia",pending,11.77,2026-01-14
txn_00009880,user_00777,prod_00423,2,1102.37,2204.74,419.89,1784.85,credit_card,2026-03-29 09:26:45,"Palembang, Indonesia",processing,20.35,2026-03-31
txn_49531e01,user_00354,prod_00088,2,719.36,1438.72,61.75,1376.97,e_wallet,2026-03-26 09:26:45,"Palembang, Indonesia",cancelled,24.93,2026-04-01
txn_498b15a8,user_00131,prod_00185,2,1305.61,2611.22,479.75,2131.47,credit_card,2026-01-30 09:26:45,"Surabaya, Indonesia",completed,15.78,2026-02-06
txn_d2b9c9bd,user_00442,prod_00408,2,889.17,1778.34,179.56,1598.78,debit_card,2026-03-05 09:26:45,"Medan, Indonesia",processing,28.34,2026-03-08
txn_311757bf,user_00391,prod_00219,2,1655.93,3311.86,116.96,3194.9,e_wallet,2026-01-28 09:26:45,"Bandung, Indonesia",pending,14.12,2026-02-03
txn_3c633649,user_00573,prod_00029,1,700.15,700.15,74.29,625.86,bank_transfer,2026-02-21 09:26:45,"Tangerang, Indonesia",completed,28.22,2026-02-25
txn_46988e20,user_00743,prod_00056,1,109.27,109.27,7.63,101.64,debit_card,2026-03-27 09:26:45,"Bandung, Indonesia",processing,13.64,2026-03-30
txn_d34401df,user_00777,prod_00039,2,646.77,1293.54,138.19,1155.35,bank_transfer,2026-01-22 09:26:45,"Palembang, Indonesia",completed,20.13,2026-01-24
txn_3d196bf5,user_00394,prod_00398,1,1084.38,1084.38,136.0,948.38,credit_card,2026-01-09 09:26:45,"Tangerang, Indonesia",cancelled,15.17,2026-01-14
txn_8bb3a83e,user_00224,prod_00091,1,167.41,167.41,11.62,155.79,e_wallet,2026-03-12 09:26:45,"Tangerang, Indonesia",processing,12.34,2026-03-15
txn_c59ca16d,user_00208,prod_00266,1,1104.49,1104.49,169.63,934.86,bank_transfer,2026-03-19 09:26:45,"Surabaya, Indonesia",pending,19.44,2026-03-24
txn_6895b7e1,user_00565,prod_00288,3,1741.78,5225.34,200.2,5025.14,debit_card,2026-03-07 09:26:45,"Depok, Indonesia",completed,10.49,2026-03-09
txn_c9691e56,user_00283,prod_00053,1,809.55,809.55,140.1,669.45,debit_card,2026-02-15 09:26:45,"Makassar, Indonesia",processing,21.07,2026-02-19
txn_af1351f4,user_00213,prod_00118,1,462.44,462.44,56.75,405.69,bank_transfer,2026-02-09 09:26:45,"Bandung, Indonesia",completed,13.38,2026-02-16
txn_a939388e,user_00631,prod_00497,1,109.84,109.84,5.07,104.77,e_wallet,2026-03-11 09:26:45,"Tangerang, Indonesia",pending,14.8,2026-03-17
txn_9c1424c4,user_00473,prod_00239,3,871.12,2613.36,132.67,2480.69,e_wallet,2026-01-04 09:26:45,"Makassar, Indonesia",processing,14.71,2026-01-10
txn_cb4344e8,user_00033,prod_00439,1,875.96,875.96,170.0,705.96,e_wallet,2026-02-24 09:26:45,"Palembang, Indonesia",processing,11.25,2026-02-28
txn_fae78e93,user_00216,prod_00271,3,593.5,1780.5,345.71,1434.79,bank_transfer,2026-03-19 09:26:45,"Tangerang, Indonesia",completed,16.34,2026-03-23
txn_39d8d5e0,user_00758,prod_00257,2,453.73,907.46,18.5,888.96,bank_transfer,2026-01-31 09:26:45,"Depok, Indonesia",completed,25.88,2026-02-04
txn_f162235a,user_00759,prod_00020,2,659.29,1318.58,170.38,1148.2,credit_card,2026-02-23 09:26:45,"Tangerang, Indonesia",completed,15.81,2026-02-27
txn_ad1f6f2f,user_00377,prod_00305,1,1185.07,1185.07,75.94,1109.13,e_wallet,2026-02-24 09:26:45,"Bekasi, Indonesia",processing,17.49,2026-03-02
txn_5583a095,user_00661,prod_00270,3,1336.19,4008.57,167.7,3840.87,debit_card,2026-01-28 09:26:45,"Semarang, Indonesia",cancelled,11.85,2026-02-02
txn_5b0774d8,user_00483,prod_00467,3,233.53,700.59,109.69,590.9,e_wallet,2026-01-15 09:26:45,"Makassar, Indonesia",pending,20.16,2026-01-19
txn_c3915b98,user_00131,prod_00350,3,1158.31,3474.93,427.92,3047.01,e_wallet,2026-01-18 09:26:45,"Surabaya, Indonesia",completed,20.47,2026-01-22
txn_08ecb59e,user_00244,prod_00260,3,1034.64,3103.92,280.73,2823.19,debit_card,2026-03-15 09:26:45,"Tangerang, Indonesia",processing,22.29,2026-03-20
txn_9f7df2e7,user_00796,prod_00378,1,706.61,706.61,72.23,634.38,debit_card,2026-02-11 09:26:45,"Tangerang, Indonesia",processing,29.53,2026-02-18
txn_647612e1,user_00865,prod_00206,1,72.86,72.86,4.33,68.53,credit_card,2026-01-12 09:26:45,"Bekasi, Indonesia",cancelled,28.46,2026-01-14
txn_8d5435c5,user_00589,prod_00272,3,1349.88,4049.64,402.72,3646.92,credit_card,2026-03-02 09:26:45,"Bekasi, Indonesia",processing,14.72,2026-03-04
txn_43fadcc3,user_00862,prod_00213,3,1270.95,3812.85,745.16,3067.69,e_wallet,2026-02-19 09:26:45,"Bekasi, Indonesia",processing,24.96,2026-02-22
txn_d3b27a61,user_00471,prod_00220,2,348.33,696.66,123.44,573.22,debit_card,2026-02-11 09:26:45,"Medan, Indonesia",completed,17.81,2026-02-14
txn_92a75243,user_00422,prod_00336,3,375.05,1125.15,7.77,1117.38,credit_card,2026-02-18 09:26:45,"Bandung, Indonesia",completed,24.7,2026-02-20
txn_fa25e600,user_00047,prod_00077,3,657.12,1971.36,66.58,1904.78,e_wallet,2026-02-04 09:26:45,"Surabaya, Indonesia",completed,12.67,2026-02-11
txn_ba26a055,user_00409,prod_00273,1,970.43,970.43,126.27,844.16,credit_card,2026-03-06 09:26:45,"Makassar, Indonesia",completed,25.73,2026-03-09
txn_32f1ef12,user_00195,prod_00407,1,1400.91,1400.91,69.28,1331.63,credit_card,2026-03-12 09:26:45,"Surabaya, Indonesia",processing,29.37,2026-03-19
txn_ea6e5c35,user_00662,prod_00325,3,969.46,2908.38,146.81,2761.57,bank_transfer,2026-01-05 09:26:45,"Bekasi, Indonesia",processing,28.15,2026-01-07
txn_4172c3a8,user_00925,prod_00418,1,436.59,436.59,40.77,395.82,credit_card,2026-01-19 09:26:45,"Bandung, Indonesia",processing,22.43,2026-01-21
txn_9196fa54,user_00655,prod_00399,3,406.44,1219.32,194.78,1024.54,debit_card,2026-02-22 09:26:45,"Bekasi, Indonesia",pending,19.35,2026-03-01
txn_73054892,user_00146,prod_00224,1,964.47,964.47,115.63,848.84,debit_card,2026-01-31 09:26:45,"Tangerang, Indonesia",processing,14.55,2026-02-07
txn_76c49861,user_00320,prod_00461,3,1538.86,4616.58,482.73,4133.85,bank_transfer,2026-01-27 09:26:45,"Bekasi, Indonesia",completed,27.85,2026-02-03
txn_37776b8c,user_00589,prod_00233,1,655.54,655.54,53.49,602.05,bank_transfer,2026-02-21 09:26:45,"Bekasi, Indonesia",pending,21.37,2026-02-28
txn_891795d0,user_00320,prod_00187,3,718.21,2154.63,246.46,1908.17,e_wallet,2026-01-03 09:26:45,"Bekasi, Indonesia",completed,13.6,2026-01-09
txn_b0b9f0c1,user_00614,prod_00180,1,1169.89,1169.89,183.05,986.84,debit_card,2026-02-24 09:26:45,"Semarang, Indonesia",processing,19.48,2026-02-27
txn_80a1d066,user_00985,prod_00175,2,584.85,1169.7,125.64,1044.06,e_wallet,2026-02-11 09:26:45,"Bandung, Indonesia",completed,15.9,2026-02-16
txn_c00728d1,user_00502,prod_00106,2,1413.34,2826.68,458.13,2368.55,debit_card,2026-01-27 09:26:45,"Jakarta, Indonesia",completed,18.76,2026-01-31
txn_4f15fa33,user_00250,prod_00076,2,386.94,773.88,65.05,708.83,credit_card,2026-02-04 09:26:45,"Makassar, Indonesia",processing,21.63,2026-02-11
txn_866ed760,user_00436,prod_00356,2,1023.52,2047.04,24.32,2022.72,bank_transfer,2026-03-15 09:26:45,"Depok, Indonesia",processing,20.32,2026-03-20
txn_cbbb8b60,user_00896,prod_00230,2,1080.84,2161.68,111.66,2050.02,debit_card,2026-01-31 09:26:45,"Depok, Indonesia",completed,29.36,2026-02-03
txn_5426b8e4,user_00369,prod_00213,1,1270.95,1270.95,64.41,1206.54,bank_transfer,2026-03-17 09:26:45,"Palembang, Indonesia",completed,18.13,2026-03-19
txn_36493c94,user_00219,prod_00121,1,818.09,818.09,20.52,797.57,credit_card,2026-03-30 09:26:45,"Makassar, Indonesia",processing,18.44,2026-04-04
txn_8528c059,user_00651,prod_00426,2,94.05,188.1,7.58,180.52,bank_transfer,2026-01-29 09:26:45,"Bandung, Indonesia",completed,21.31,2026-02-01
txn_827ca7d5,user_00126,prod_00107,3,332.89,998.67,134.02,864.65,bank_transfer,2026-03-27 09:26:45,"Tangerang, Indonesia",completed,26.49,2026-03-30
txn_c2f34636,user_00105,prod_00066,2,291.08,582.16,109.65,472.51,credit_card,2026-02-25 09:26:45,"Semarang, Indonesia",pending,20.91,2026-02-28
txn_3f367aef,user_00423,prod_00442,2,1143.76,2287.52,375.83,1911.69,debit_card,2026-02-03 09:26:45,"Medan, Indonesia",processing,10.47,2026-02-08
txn_1959284a,user_00703,prod_00193,2,746.55,1493.1,55.82,1437.28,bank_transfer,2026-02-24 09:26:45,"Tangerang, Indonesia",cancelled,17.13,2026-03-02
txn_f587ad62,user_00816,prod_00115,1,1496.81,1496.81,114.59,1382.22,credit_card,2026-03-17 09:26:45,"Jakarta, Indonesia",pending,22.43,2026-03-22
txn_980795ba,user_00007,prod_00252,3,1203.6,3610.8,564.83,3045.97,debit_card,2025-12-30 09:26:45,"Palembang, Indonesia",pending,12.55,2026-01-04
txn_d22eab13,user_00181,prod_00016,2,1789.39,3578.78,669.2,2909.58,credit_card,2026-02-23 09:26:45,"Semarang, Indonesia",processing,29.19,2026-03-01
txn_22cf9dc7,user_00118,prod_00352,3,1143.38,3430.14,192.82,3237.32,credit_card,2026-02-21 09:26:45,"Tangerang, Indonesia",completed,19.17,2026-02-24
txn_35391d20,user_00337,prod_00007,2,232.39,464.78,10.92,453.86,e_wallet,2026-02-13 09:26:45,"Medan, Indonesia",processing,16.1,2026-02-15
txn_2f0d9345,user_00892,prod_00157,2,973.18,1946.36,304.99,1641.37,debit_card,2026-03-18 09:26:45,"Semarang, Indonesia",cancelled,22.68,2026-03-25
txn_ba20f8be,user_00631,prod_00128,2,969.31,1938.62,331.76,1606.86,credit_card,2026-03-27 09:26:45,"Tangerang, Indonesia",completed,20.53,2026-03-31
txn_d390ce63,user_00634,prod_00413,2,587.51,1175.02,40.4,1134.62,bank_transfer,2026-01-08 09:26:45,"Semarang, Indonesia",completed,22.21,2026-01-14
txn_94fe1722,user_00093,prod_00170,3,1094.5,3283.5,164.08,3119.42,bank_transfer,2026-01-26 09:26:45,"Palembang, Indonesia",completed,11.1,2026-01-31
txn_286b2935,user_00875,prod_00420,3,342.25,1026.75,117.61,909.14,e_wallet,2026-02-14 09:26:45,"Jakarta, Indonesia",pending,16.77,2026-02-16
txn_e6a89046,user_00934,prod_00239,2,871.12,1742.24,34.15,1708.09,bank_transfer,2026-03-17 09:26:45,"Bandung, Indonesia",processing,13.62,2026-03-20
txn_a98cfa48,user_00658,prod_00233,3,655.54,1966.62,52.64,1913.98,bank_transfer,2026-03-28 09:26:45,"Medan, Indonesia",completed,12.26,2026-04-01
txn_9ec2ccc9,user_00353,prod_00420,3,342.25,1026.75,159.13,867.62,e_wallet,2026-01-01 09:26:45,"Surabaya, Indonesia",processing,21.82,2026-01-08
txn_524639fb,user_00301,prod_00318,3,1460.54,4381.62,98.52,4283.1,debit_card,2026-02-14 09:26:45,"Surabaya, Indonesia",pending,11.21,2026-02-17
txn_acf3423d,user_00968,prod_00317,2,297.91,595.82,0.36,595.46,bank_transfer,2026-01-01 09:26:45,"Surabaya, Indonesia",pending,23.58,2026-01-07
txn_b18a0604,user_00276,prod_00348,1,1692.08,1692.08,108.02,1584.06,e_wallet,2026-03-14 09:26:45,"Makassar, Indonesia",completed,28.78,2026-03-17
txn_4f6875ef,user_00913,prod_00164,2,678.94,1357.88,172.25,1185.63,bank_transfer,2026-02-07 09:26:45,"Bandung, Indonesia",completed,24.0,2026-02-13
txn_d8d611e8,user_00914,prod_00321,2,1158.92,2317.84,2.98,2314.86,e_wallet,2026-02-11 09:26:45,"Semarang, Indonesia",pending,18.97,2026-02-13
txn_08ec6e65,user_00650,prod_00035,2,459.89,919.78,12.89,906.89,e_wallet,2026-01-04 09:26:45,"Tangerang, Indonesia",processing,24.36,2026-01-07
txn_8b716848,user_00750,prod_00431,2,490.23,980.46,175.46,805.0,bank_transfer,2026-01-17 09:26:45,"Medan, Indonesia",pending,15.29,2026-01-21
txn_14393970,user_00244,prod_00401,1,1037.06,1037.06,184.32,852.74,credit_card,2025-12-30 09:26:45,"Tangerang, Indonesia",completed,16.99,2026-01-02
txn_6a507521,user_00439,prod_00229,1,1204.39,1204.39,136.18,1068.21,debit_card,2026-02-17 09:26:45,"Tangerang, Indonesia",pending,19.04,2026-02-23
txn_1fa59cdc,user_00340,prod_00464,1,1301.99,1301.99,132.22,1169.77,debit_card,2026-02-13 09:26:45,"Depok, Indonesia",pending,26.38,2026-02-18
txn_8f18ee38,user_00768,prod_00176,2,778.57,1557.14,36.97,1520.17,debit_card,2026-03-15 09:26:45,"Jakarta, Indonesia",processing,29.51,2026-03-22
txn_c835e156,user_00578,prod_00153,3,601.72,1805.16,198.76,1606.4,bank_transfer,2026-03-21 09:26:45,"Tangerang, Indonesia",completed,21.12,2026-03-23
txn_757c76e3,user_00634,prod_00336,2,375.05,750.1,44.22,705.88,debit_card,2025-12-30 09:26:45,"Semarang, Indonesia",pending,14.39,2026-01-02
txn_938a66f4,user_00729,prod_00116,3,1104.37,3313.11,65.34,3247.77,bank_transfer,2026-01-10 09:26:45,"Makassar, Indonesia",completed,12.81,2026-01-17
txn_0ea11a25,user_00246,prod_00126,3,760.77,2282.31,452.46,1829.85,e_wallet,2026-01-24 09:26:45,"Tangerang, Indonesia",processing,16.13,2026-01-29
txn_19b79540,user_00848,prod_00321,3,1158.92,3476.76,656.53,2820.23,bank_transfer,2026-01-31 09:26:45,"Palembang, Indonesia",pending,29.06,2026-02-02
txn_7a85619a,user_00375,prod_00254,3,1288.26,3864.78,270.63,3594.15,credit_card,2026-02-20 09:26:45,"Depok, Indonesia",pending,19.34,2026-02-23
txn_5f461066,user_00399,prod_00071,3,508.13,1524.39,107.15,1417.24,bank_transfer,2026-03-26 09:26:45,"Bekasi, Indonesia",processing,27.34,2026-04-01
txn_1d36c6aa,user_00540,prod_00467,3,233.53,700.59,127.3,573.29,bank_transfer,2026-01-26 09:26:45,"Depok, Indonesia",completed,19.16,2026-01-31
txn_bcb4c09c,user_00574,prod_00425,2,1026.07,2052.14,253.33,1798.81,debit_card,2026-03-18 09:26:45,"Semarang, Indonesia",pending,18.71,2026-03-21
txn_d30b50ff,user_00997,prod_00404,3,258.8,776.4,46.73,729.67,e_wallet,2026-03-05 09:26:45,"Depok, Indonesia",processing,13.7,2026-03-08
txn_df2d014d,user_00834,prod_00195,1,1099.98,1099.98,45.31,1054.67,e_wallet,2026-02-15 09:26:45,"Bekasi, Indonesia",pending,12.43,2026-02-19
txn_6a450825,user_00523,prod_00279,3,1172.79,3518.37,676.71,2841.66,credit_card,2026-02-14 09:26:45,"Semarang, Indonesia",completed,26.62,2026-02-18
txn_9c9a9249,user_00407,prod_00203,2,635.74,1271.48,134.5,1136.98,credit_card,2026-01-25 09:26:45,"Tangerang, Indonesia",pending,27.68,2026-01-31
txn_33479aec,user_00806,prod_00499,3,1014.01,3042.03,591.04,2450.99,debit_card,2026-02-18 09:26:45,"Bandung, Indonesia",completed,14.23,2026-02-23
txn_a30a1936,user_00444,prod_00429,1,760.41,760.41,104.24,656.17,e_wallet,2026-02-14 09:26:45,"Depok, Indonesia",pending,14.3,2026-02-18
txn_e560fa83,user_00161,prod_00240,3,1395.57,4186.71,564.07,3622.64,debit_card,2026-01-06 09:26:45,"Palembang, Indonesia",completed,19.75,2026-01-08
txn_9327f95e,user_00299,prod_00002,1,713.89,713.89,129.85,584.04,credit_card,2026-03-20 09:26:45,"Tangerang, Indonesia",processing,17.96,2026-03-26
txn_574b0f74,user_00500,prod_00315,2,920.39,1840.78,308.4,1532.38,credit_card,2026-01-07 09:26:45,"Bekasi, Indonesia",completed,15.0,2026-01-09
txn_f957982b,user_00876,prod_00140,1,1016.36,1016.36,83.7,932.66,credit_card,2026-01-08 09:26:45,"Palembang, Indonesia",completed,14.56,2026-01-14
txn_aaddab27,user_00062,prod_00074,3,380.98,1142.94,107.02,1035.92,bank_transfer,2026-01-21 09:26:45,"Makassar, Indonesia",pending,12.31,2026-01-27
txn_37153fb1,user_00405,prod_00497,3,109.84,329.52,1.34,328.18,credit_card,2026-02-18 09:26:45,"Depok, Indonesia",completed,26.86,2026-02-24
txn_37528625,user_00974,prod_00207,3,1863.64,5590.92,89.36,5501.56,e_wallet,2026-02-01 09:26:45,"Bekasi, Indonesia",pending,11.4,2026-02-07
txn_3a167acb,user_00498,prod_00260,1,1034.64,1034.64,35.1,999.54,bank_transfer,2026-02-15 09:26:45,"Bandung, Indonesia",pending,26.25,2026-02-19
txn_aa6efeaa,user_00961,prod_00070,2,1476.11,2952.22,37.63,2914.59,e_wallet,2026-01-19 09:26:45,"Bekasi, Indonesia",completed,11.38,2026-01-24
txn_06336857,user_00345,prod_00251,2,837.27,1674.54,244.99,1429.55,credit_card,2026-03-13 09:26:45,"Surabaya, Indonesia",completed,22.1,2026-03-17
txn_8783838a,user_00487,prod_00325,2,969.46,1938.92,287.72,1651.2,e_wallet,2026-01-09 09:26:45,"Bandung, Indonesia",processing,20.54,2026-01-11
txn_6c7ba653,user_00407,prod_00415,1,1455.39,1455.39,188.46,1266.93,e_wallet,2026-02-09 09:26:45,"Tangerang, Indonesia",pending,11.54,2026-02-12
txn_7f855991,user_00359,prod_00119,1,480.47,480.47,57.76,422.71,credit_card,2026-03-08 09:26:45,"Bandung, Indonesia",completed,22.09,2026-03-15
txn_76434913,user_00071,prod_00444,3,1029.61,3088.83,399.19,2689.64,debit_card,2026-02-09 09:26:45,"Medan, Indonesia",pending,17.34,2026-02-15
txn_e55ebdf5,user_00817,prod_00278,2,652.03,1304.06,63.17,1240.89,bank_transfer,2026-03-18 09:26:45,"Depok, Indonesia",pending,25.45,2026-03-23
txn_e32af1a5,user_00885,prod_00375,1,368.06,368.06,53.76,314.3,bank_transfer,2026-03-20 09:26:45,"Surabaya, Indonesia",completed,27.91,2026-03-27
txn_b3e475dc,user_00667,prod_00434,1,203.07,203.07,23.22,179.85,bank_transfer,2026-02-06 09:26:45,"Depok, Indonesia",completed,18.88,2026-02-11
txn_524abba7,user_00051,prod_00474,3,166.86,500.58,93.09,407.49,credit_card,2026-03-20 09:26:45,"Depok, Indonesia",processing,24.03,2026-03-27
txn_eaf55dd2,user_00560,prod_00431,2,490.23,980.46,172.08,808.38,debit_card,2026-01-19 09:26:45,"Palembang, Indonesia",processing,15.74,2026-01-21
txn_d89d621a,user_00330,prod_00283,1,1141.64,1141.64,202.07,939.57,debit_card,2026-03-03 09:26:45,"Jakarta, Indonesia",completed,10.18,2026-03-10
txn_5fe49be0,user_00978,prod_00270,2,1336.19,2672.38,482.15,2190.23,bank_transfer,2026-03-04 09:26:45,"Semarang, Indonesia",processing,18.45,2026-03-06
txn_28aa7425,user_00590,prod_00210,2,766.32,1532.64,44.75,1487.89,bank_transfer,2026-01-30 09:26:45,"Jakarta, Indonesia",completed,13.14,2026-02-01
txn_7d6a9de0,user_00785,prod_00069,1,43.48,43.48,1.77,41.71,bank_transfer,2025-12-31 09:26:45,"Makassar, Indonesia",completed,18.71,2026-01-04
txn_d3cce022,user_00702,prod_00173,1,804.57,804.57,41.91,762.66,debit_card,2026-03-14 09:26:45,"Bandung, Indonesia",completed,10.62,2026-03-21
txn_3785e69e,user_00313,prod_00238,2,148.1,296.2,36.55,259.65,debit_card,2026-02-13 09:26:45,"Makassar, Indonesia",pending,15.08,2026-02-15
txn_890762e0,user_00253,prod_00084,1,1584.23,1584.23,14.95,1569.28,debit_card,2026-03-16 09:26:45,"Palembang, Indonesia",pending,29.21,2026-03-22
txn_78147364,user_00154,prod_00078,1,733.29,733.29,114.71,618.58,debit_card,2026-02-09 09:26:45,"Semarang, Indonesia",processing,15.44,2026-02-13
txn_340875ce,user_00186,prod_00360,2,1726.0,3452.0,264.9,3187.1,debit_card,2026-01-01 09:26:45,"Bandung, Indonesia",completed,21.87,2026-01-08
txn_1036de74,user_00282,prod_00242,1,1008.12,1008.12,76.39,931.73,e_wallet,2026-01-05 09:26:45,"Medan, Indonesia",completed,28.64,2026-01-09
txn_b8ee3dd3,user_00756,prod_00079,3,736.15,2208.45,119.59,2088.86,bank_transfer,2026-01-03 09:26:45,"Medan, Indonesia",processing,26.77,2026-01-07
txn_797cd74c,user_00561,prod_00339,2,718.08,1436.16,117.2,1318.96,e_wallet,2026-01-23 09:26:45,"Makassar, Indonesia",completed,16.63,2026-01-25
txn_12e7c201,user_00903,prod_00022,2,1105.39,2210.78,293.18,1917.6,debit_card,2026-01-19 09:26:45,"Surabaya, Indonesia",pending,29.65,2026-01-21
txn_76ba9ac7,user_00787,prod_00386,1,1629.35,1629.35,171.32,1458.03,debit_card,2026-03-02 09:26:45,"Medan, Indonesia",completed,28.24,2026-03-06
txn_8d441de1,user_00998,prod_00032,2,1295.9,2591.8,171.93,2419.87,credit_card,2026-02-11 09:26:45,"Bekasi, Indonesia",processing,16.2,2026-02-18
txn_5feda376,user_00116,prod_00115,1,1496.81,1496.81,244.81,1252.0,debit_card,2026-03-27 09:26:45,"Jakarta, Indonesia",completed,13.92,2026-04-01
txn_52de371f,user_00838,prod_00414,3,773.72,2321.16,317.67,2003.49,e_wallet,2026-03-28 09:26:45,"Tangerang, Indonesia",completed,29.83,2026-03-30
txn_5809c84f,user_00704,prod_00202,1,806.9,806.9,0.59,806.31,e_wallet,2026-03-03 09:26:45,"Bekasi, Indonesia",processing,20.61,2026-03-09
txn_0ec91fc8,user_00956,prod_00133,2,359.46,718.92,68.16,650.76,credit_card,2026-02-09 09:26:45,"Jakarta, Indonesia",pending,28.77,2026-02-16
txn_7460a84e,user_00351,prod_00441,2,1034.9,2069.8,344.01,1725.79,bank_transfer,2026-03-15 09:26:45,"Jakarta, Indonesia",completed,12.69,2026-03-22
txn_8e415749,user_00802,prod_00254,1,1288.26,1288.26,215.16,1073.1,credit_card,2026-03-24 09:26:45,"Bekasi, Indonesia",processing,21.65,2026-03-31
txn_4d097386,user_00926,prod_00250,3,1331.8,3995.4,484.97,3510.43,debit_card,2026-01-06 09:26:45,"Bekasi, Indonesia",processing,21.28,2026-01-12
txn_0ba6b981,user_00413,prod_00199,2,1177.08,2354.16,452.04,1902.12,debit_card,2026-03-18 09:26:45,"Bandung, Indonesia",completed,22.39,2026-03-21
txn_f0c0b926,user_00788,prod_00283,2,1141.64,2283.28,216.32,2066.96,debit_card,2026-01-03 09:26:45,"Makassar, Indonesia",pending,24.5,2026-01-07
txn_9a8dadb0,user_00799,prod_00044,1,101.72,101.72,15.74,85.98,bank_transfer,2026-01-25 09:26:45,"Bekasi, Indonesia",completed,17.2,2026-01-30
txn_e8a3bbcb,user_00341,prod_00092,3,728.97,2186.91,124.97,2061.94,credit_card,2026-01-16 09:26:45,"Bandung, Indonesia",cancelled,16.38,2026-01-18
txn_36bdf90d,user_00372,prod_00213,1,1270.95,1270.95,9.06,1261.89,e_wallet,2026-03-10 09:26:45,"Medan, Indonesia",completed,19.19,2026-03-12
txn_7fff93a6,user_00511,prod_00435,1,1335.42,1335.42,69.74,1265.68,e_wallet,2026-02-11 09:26:45,"Medan, Indonesia",processing,14.7,2026-02-18
txn_18890409,user_00026,prod_00320,3,835.58,2506.74,349.56,2157.18,e_wallet,2026-01-16 09:26:45,"Depok, Indonesia",completed,24.08,2026-01-19
txn_76077698,user_00466,prod_00294,1,1575.89,1575.89,254.73,1321.16,debit_card,2026-03-24 09:26:45,"Semarang, Indonesia",pending,27.1,2026-03-30
txn_ef4779e9,user_00461,prod_00225,2,699.63,1399.26,238.34,1160.92,credit_card,2026-01-22 09:26:45,"Palembang, Indonesia",processing,28.95,2026-01-28
txn_1ce8fd76,user_00166,prod_00224,2,964.47,1928.94,275.63,1653.31,bank_transfer,2026-02-25 09:26:45,"Bekasi, Indonesia",pending,25.94,2026-03-04
txn_03dffeb4,user_00538,prod_00248,1,347.8,347.8,25.95,321.85,credit_card,2026-01-08 09:26:45,"Tangerang, Indonesia",completed,25.74,2026-01-15
txn_52952e7f,user_00592,prod_00193,2,746.55,1493.1,135.08,1358.02,debit_card,2026-01-18 09:26:45,"Bekasi, Indonesia",pending,28.83,2026-01-21
txn_baf66c9d,user_00947,prod_00043,1,1310.24,1310.24,184.13,1126.11,bank_transfer,2026-02-16 09:26:45,"Semarang, Indonesia",completed,11.8,2026-02-20
txn_e4918f9f,user_00801,prod_00389,2,1014.75,2029.5,58.41,1971.09,debit_card,2026-03-11 09:26:45,"Bekasi, Indonesia",pending,11.21,2026-03-17
txn_e7780d05,user_00988,prod_00072,3,1435.8,4307.4,710.99,3596.41,credit_card,2026-02-12 09:26:45,"Jakarta, Indonesia",pending,15.45,2026-02-15
txn_2e7a2e5f,user_00022,prod_00493,2,1084.21,2168.42,239.54,1928.88,credit_card,2026-02-19 09:26:45,"Tangerang, Indonesia",processing,11.57,2026-02-25
txn_5e2bcaab,user_00638,prod_00171,2,1437.12,2874.24,442.63,2431.61,bank_transfer,2026-01-20 09:26:45,"Bandung, Indonesia",processing,12.87,2026-01-26
txn_a471d43e,user_00815,prod_00031,2,115.42,230.84,22.14,208.7,credit_card,2026-01-08 09:26:45,"Bekasi, Indonesia",pending,24.14,2026-01-15
txn_2b1b062f,user_00979,prod_00427,1,441.8,441.8,58.42,383.38,e_wallet,2026-01-06 09:26:45,"Surabaya, Indonesia",cancelled,23.95,2026-01-08
txn_b720c301,user_00637,prod_00134,2,1467.6,2935.2,231.27,2703.93,debit_card,2026-02-04 09:26:45,"Tangerang, Indonesia",pending,22.9,2026-02-11
txn_2d5a11be,user_00289,prod_00053,3,809.55,2428.65,23.57,2405.08,debit_card,2026-02-27 09:26:45,"Palembang, Indonesia",completed,14.86,2026-03-04
txn_62d3076f,user_00985,prod_00451,1,706.23,706.23,15.9,690.33,debit_card,2026-03-03 09:26:45,"Bandung, Indonesia",pending,19.72,2026-03-05
txn_c0a5f940,user_00301,prod_00220,1,348.33,348.33,67.93,280.4,bank_transfer,2026-01-08 09:26:45,"Surabaya, Indonesia",cancelled,25.97,2026-01-11
txn_0b400b3e,user_00274,prod_00340,2,1294.11,2588.22,44.47,2543.75,credit_card,2026-02-02 09:26:45,"Bandung, Indonesia",cancelled,23.03,2026-02-09
txn_77403a6a,user_00778,prod_00425,2,1026.07,2052.14,400.18,1651.96,e_wallet,2026-02-12 09:26:45,"Depok, Indonesia",completed,12.84,2026-02-18
txn_463de081,user_00188,prod_00072,2,1435.8,2871.6,543.07,2328.53,e_wallet,2026-02-01 09:26:45,"Palembang, Indonesia",pending,11.72,2026-02-05
txn_47d04b19,user_00477,prod_00352,1,1143.38,1143.38,83.45,1059.93,bank_transfer,2026-01-13 09:26:45,"Surabaya, Indonesia",processing,25.19,2026-01-16
